,pokemon,color1,color2,color3,webcolor1,webcolor2,webcolor3
0,parasect,"(225, 173, 86)","(94, 63, 41)","(250, 198, 233)",sandybrown,darkolivegreen,pink
1,lumineon,"(55, 79, 86)","(189, 234, 231)","(180, 141, 163)",darkslategrey,paleturquoise,rosybrown
2,raikou,"(195, 173, 90)","(60, 54, 45)","(219, 201, 211)",darkkhaki,darkslategrey,thistle
3,dedenne,"(196, 162, 87)","(40, 38, 34)","(218, 215, 188)",darkkhaki,darkslategrey,lightgrey
4,pyroar,"(198, 96, 71)","(243, 205, 131)","(84, 76, 69)",indianred,khaki,darkolivegreen
5,articuno,"(101, 162, 200)","(225, 241, 240)","(47, 63, 77)",cornflowerblue,lavender,darkslategrey
6,magmortar,"(222, 138, 59)","(66, 59, 52)","(227, 173, 169)",peru,darkslategrey,tan
7,bulbasaur,"(151, 204, 173)","(65, 124, 88)","(110, 68, 65)",darkseagreen,seagreen,darkolivegreen
8,banette,"(147, 148, 144)","(72, 75, 81)","(252, 236, 128)",lightslategrey,darkslategrey,khaki
9,staraptor,"(74, 68, 59)","(216, 171, 130)","(156, 156, 151)",darkslategrey,tan,darkgrey
10,pidove,"(185, 178, 175)","(33, 40, 31)","(206, 158, 44)",darkgrey,black,goldenrod
11,taillow,"(171, 111, 124)","(38, 40, 71)","(226, 231, 221)",rosybrown,darkslategrey,gainsboro
12,charizard,"(224, 169, 98)","(26, 138, 155)","(246, 236, 195)",sandybrown,darkcyan,bisque
13,infernape,"(193, 112, 62)","(46, 73, 105)","(218, 212, 211)",peru,darkslategrey,lightgrey
14,sandshrew,"(221, 201, 105)","(242, 237, 210)","(134, 108, 60)",burlywood,antiquewhite,sienna
15,alakazam,"(219, 207, 65)","(95, 75, 62)","(215, 215, 172)",goldenrod,darkolivegreen,palegoldenrod
16,lickitung,"(225, 184, 187)","(58, 52, 71)","(140, 93, 90)",lightpink,darkslategrey,dimgrey
17,starmie,"(186, 170, 190)","(138, 106, 63)","(81, 79, 108)",silver,sienna,dimgrey
18,yanmega,"(75, 78, 61)","(199, 146, 133)","(140, 184, 95)",darkslategrey,rosybrown,darkseagreen
19,yveltal,"(68, 45, 50)","(173, 99, 113)","(137, 140, 140)",darkslategrey,indianred,grey
20,zigzagoon,"(174, 164, 148)","(56, 56, 49)","(86, 77, 70)",darkgrey,darkslategrey,darkolivegreen
21,thundurus-incarnate,"(171, 183, 190)","(57, 65, 71)","(87, 92, 84)",silver,darkslategrey,dimgrey
22,petilil,"(203, 217, 137)","(56, 143, 68)","(116, 46, 33)",tan,seagreen,saddlebrown
23,torterra,"(184, 155, 121)","(53, 116, 55)","(136, 151, 140)",rosybrown,darkolivegreen,lightslategrey
24,purugly,"(151, 149, 164)","(46, 50, 55)","(105, 84, 99)",darkgrey,darkslategrey,dimgrey
25,cresselia,"(226, 184, 193)","(96, 85, 90)","(185, 155, 89)",thistle,dimgrey,darkkhaki
26,regigigas,"(205, 194, 106)","(42, 92, 60)","(209, 211, 213)",darkkhaki,darkslategrey,lightgrey
27,palkia,"(178, 166, 178)","(71, 57, 71)","(123, 60, 122)",darkgrey,darkslategrey,dimgrey
28,froakie,"(109, 184, 199)","(219, 214, 178)","(43, 49, 53)",mediumaquamarine,wheat,darkslategrey
29,munna,"(240, 204, 213)","(143, 100, 132)","(156, 156, 156)",pink,grey,darkgrey
30,bellossom,"(128, 161, 97)","(242, 172, 96)","(38, 81, 47)",grey,sandybrown,darkslategrey
31,gabite,"(99, 107, 146)","(193, 76, 42)","(213, 210, 213)",slategrey,sienna,lightgrey
32,mareep,"(220, 210, 168)","(72, 113, 159)","(224, 207, 72)",palegoldenrod,steelblue,sandybrown
33,shieldon,"(152, 142, 119)","(212, 213, 213)","(41, 39, 39)",grey,lightgrey,darkslategrey
34,stoutland,"(222, 213, 179)","(65, 70, 88)","(127, 85, 52)",wheat,darkslategrey,sienna
35,accelgor,"(171, 124, 151)","(31, 37, 43)","(150, 205, 180)",rosybrown,darkslategrey,darkseagreen
36,makuhita,"(200, 186, 138)","(89, 87, 93)","(125, 97, 58)",tan,dimgrey,sienna
37,seviper,"(75, 89, 99)","(207, 172, 143)","(128, 123, 165)",dimgrey,tan,lightslategrey
38,tirtouga,"(79, 100, 126)","(188, 221, 236)","(147, 198, 228)",dimgrey,powderblue,skyblue
39,lampent,"(56, 54, 55)","(151, 175, 216)","(143, 140, 143)",darkslategrey,lightsteelblue,grey
40,tornadus-incarnate,"(188, 169, 193)","(96, 130, 63)","(93, 52, 106)",silver,darkolivegreen,darkslateblue
41,nidoking,"(182, 134, 175)","(46, 93, 104)","(225, 222, 225)",rosybrown,darkslategrey,gainsboro
42,huntail,"(173, 182, 175)","(45, 52, 58)","(140, 92, 60)",darkgrey,darkslategrey,sienna
43,nosepass,"(123, 124, 164)","(57, 42, 46)","(68, 68, 97)",lightslategrey,darkslategrey,darkslategrey
44,carracosta,"(96, 130, 161)","(38, 42, 56)","(49, 52, 84)",slategrey,darkslategrey,darkslategrey
45,nidoqueen,"(153, 180, 194)","(88, 81, 67)","(62, 98, 136)",darkgrey,darkolivegreen,darkslateblue
46,inkay,"(205, 191, 201)","(86, 131, 158)","(116, 108, 108)",silver,steelblue,dimgrey
47,archeops,"(212, 181, 120)","(22, 124, 151)","(160, 70, 62)",burlywood,darkcyan,sienna
48,avalugg,"(144, 195, 223)","(81, 102, 139)","(212, 236, 236)",skyblue,slategrey,lavender
49,sentret,"(162, 129, 107)","(41, 33, 25)","(230, 229, 211)",grey,black,gainsboro
50,golbat,"(140, 95, 140)","(33, 93, 122)","(26, 27, 26)",grey,darkslategrey,black
51,skorupi,"(156, 160, 194)","(42, 56, 89)","(68, 68, 104)",darkgrey,darkslategrey,darkslategrey
52,conkeldurr,"(175, 161, 157)","(82, 74, 69)","(147, 76, 97)",darkgrey,darkslategrey,dimgrey
53,jellicent,"(187, 220, 237)","(67, 135, 180)","(114, 113, 137)",powderblue,steelblue,slategrey
54,hoopa-confined,"(210, 156, 179)","(188, 166, 28)","(151, 63, 92)",silver,goldenrod,sienna
55,meloetta-aria,"(125, 125, 111)","(223, 230, 201)","(179, 212, 157)",grey,gainsboro,silver
56,luxio,"(67, 68, 67)","(139, 195, 216)","(202, 177, 88)",darkslategrey,skyblue,darkkhaki
57,binacle,"(159, 134, 89)","(158, 191, 206)","(56, 86, 100)",grey,lightsteelblue,darkslategrey
58,galvantula,"(204, 189, 111)","(57, 65, 92)","(208, 182, 222)",darkkhaki,darkslategrey,thistle
59,crawdaunt,"(170, 84, 78)","(204, 202, 181)","(32, 44, 50)",sienna,silver,darkslategrey
60,hippopotas,"(216, 197, 105)","(59, 43, 24)","(114, 70, 19)",darkkhaki,darkslategrey,saddlebrown
61,swirlix,"(214, 204, 209)","(148, 85, 100)","(140, 140, 140)",lightgrey,dimgrey,grey
62,finneon,"(182, 170, 184)","(49, 69, 76)","(124, 62, 84)",darkgrey,darkslategrey,dimgrey
63,medicham,"(206, 118, 139)","(232, 225, 187)","(193, 180, 188)",palevioletred,wheat,silver
64,poliwrath,"(97, 121, 159)","(208, 208, 216)","(30, 34, 40)",slategrey,lightgrey,black
65,magnemite,"(154, 165, 167)","(66, 52, 42)","(102, 84, 84)",darkgrey,darkslategrey,dimgrey
66,florges,"(87, 125, 111)","(236, 123, 143)","(91, 207, 174)",dimgrey,lightcoral,mediumaquamarine
67,serperior,"(36, 119, 66)","(194, 222, 156)","(149, 190, 162)",seagreen,silver,darkseagreen
68,shinx,"(138, 187, 203)","(36, 39, 40)","(205, 166, 29)",skyblue,darkslategrey,goldenrod
69,budew,"(112, 156, 62)","(233, 237, 125)","(162, 174, 146)",olivedrab,khaki,darkseagreen
70,shellos,"(212, 165, 177)","(155, 143, 64)","(25, 20, 30)",silver,peru,black
71,gothita,"(204, 179, 203)","(46, 70, 84)","(108, 92, 100)",silver,darkslategrey,dimgrey
72,keldeo-ordinary,"(201, 185, 156)","(39, 91, 128)","(184, 76, 41)",tan,darkslateblue,sienna
73,porygon,"(88, 198, 204)","(223, 100, 111)","(77, 70, 76)",mediumturquoise,indianred,darkslategrey
74,alomomola,"(217, 166, 179)","(89, 92, 105)","(96, 72, 68)",silver,dimgrey,darkolivegreen
75,electrike,"(168, 197, 148)","(63, 87, 63)","(127, 116, 77)",darkseagreen,darkslategrey,dimgrey
76,dratini,"(181, 188, 202)","(76, 68, 78)","(97, 104, 135)",silver,darkslategrey,slategrey
77,mienfoo,"(225, 221, 138)","(165, 70, 87)","(221, 115, 132)",khaki,sienna,palevioletred
78,reshiram,"(203, 203, 215)","(84, 91, 111)","(116, 116, 133)",lightgrey,dimgrey,slategrey
79,sawsbuck,"(124, 83, 55)","(234, 219, 132)","(40, 17, 7)",sienna,khaki,black
80,blaziken,"(200, 114, 85)","(244, 241, 217)","(242, 215, 135)",indianred,beige,khaki
81,flareon,"(231, 226, 160)","(40, 41, 45)","(177, 86, 31)",palegoldenrod,darkslategrey,sienna
82,gliscor,"(160, 165, 197)","(81, 59, 56)","(78, 80, 91)",darkgrey,darkslategrey,darkslategrey
83,heatran,"(108, 69, 57)","(217, 215, 214)","(167, 164, 164)",darkolivegreen,lightgrey,darkgrey
84,beedrill,"(180, 182, 170)","(161, 143, 54)","(72, 74, 93)",darkgrey,peru,darkslategrey
85,darmanitan-standard,"(183, 74, 57)","(233, 181, 121)","(86, 47, 39)",sienna,burlywood,darkolivegreen
86,butterfree,"(86, 86, 101)","(230, 217, 215)","(138, 188, 210)",dimgrey,gainsboro,skyblue
87,fletchinder,"(195, 139, 92)","(32, 35, 44)","(148, 165, 199)",peru,darkslategrey,darkgrey
88,ludicolo,"(188, 195, 144)","(75, 96, 56)","(112, 90, 77)",tan,darkolivegreen,dimgrey
89,phanpy,"(158, 215, 222)","(193, 98, 65)","(100, 161, 164)",lightblue,indianred,cadetblue
90,toxicroak,"(99, 139, 185)","(229, 133, 117)","(128, 65, 52)",steelblue,lightcoral,saddlebrown
91,cyndaquil,"(231, 222, 167)","(28, 93, 109)","(128, 108, 84)",palegoldenrod,darkslategrey,dimgrey
92,swellow,"(59, 58, 88)","(206, 157, 175)","(150, 161, 172)",darkslategrey,rosybrown,darkgrey
93,machop,"(177, 201, 203)","(102, 102, 109)","(110, 140, 140)",lightsteelblue,dimgrey,slategrey
94,fletchling,"(204, 115, 76)","(188, 201, 224)","(21, 27, 34)",peru,lightsteelblue,black
95,ariados,"(116, 89, 97)","(238, 216, 134)","(245, 109, 120)",dimgrey,khaki,salmon
96,mr-mime,"(203, 172, 180)","(22, 69, 105)","(166, 72, 96)",silver,darkslategrey,indianred
97,frogadier,"(59, 120, 145)","(217, 215, 193)","(90, 217, 242)",steelblue,lightgrey,mediumturquoise
98,roggenrola,"(38, 47, 66)","(198, 156, 75)","(126, 100, 66)",darkslategrey,peru,sienna
99,shedinja,"(200, 177, 131)","(96, 88, 86)","(206, 206, 217)",tan,dimgrey,lightgrey
100,duosion,"(187, 226, 182)","(52, 106, 73)","(124, 128, 108)",silver,darkslategrey,grey
101,scraggy,"(223, 196, 106)","(175, 83, 62)","(236, 233, 204)",burlywood,sienna,antiquewhite
102,latias,"(183, 150, 164)","(155, 60, 69)","(54, 86, 117)",rosybrown,sienna,darkslateblue
103,shelmet,"(194, 158, 157)","(44, 43, 37)","(151, 55, 71)",rosybrown,darkslategrey,brown
104,sawk,"(139, 181, 193)","(41, 40, 47)","(42, 84, 126)",darkgrey,darkslategrey,darkslateblue
105,venusaur,"(151, 196, 194)","(56, 105, 100)","(173, 89, 102)",lightsteelblue,darkslategrey,indianred
106,azelf,"(113, 163, 183)","(210, 227, 236)","(52, 62, 68)",cadetblue,gainsboro,darkslategrey
107,basculin-red-striped,"(97, 168, 106)","(225, 216, 212)","(88, 85, 73)",mediumseagreen,gainsboro,darkolivegreen
108,musharna,"(235, 188, 206)","(145, 129, 162)","(185, 110, 146)",pink,lightslategrey,palevioletred
109,liepard,"(114, 83, 124)","(243, 215, 92)","(204, 140, 111)",dimgrey,khaki,darksalmon
110,aipom,"(203, 172, 178)","(84, 45, 96)","(97, 81, 88)",silver,darkslateblue,dimgrey
111,seaking,"(207, 188, 178)","(63, 56, 50)","(234, 112, 65)",silver,darkslategrey,tomato
112,meditite,"(185, 189, 195)","(45, 66, 79)","(84, 84, 84)",silver,darkslategrey,dimgrey
113,heatmor,"(161, 96, 66)","(221, 190, 112)","(74, 55, 45)",sienna,burlywood,darkslategrey
114,chandelure,"(55, 53, 55)","(195, 215, 236)","(130, 143, 221)",darkslategrey,powderblue,cornflowerblue
115,ivysaur,"(157, 158, 166)","(25, 81, 93)","(147, 46, 60)",darkgrey,darkslategrey,brown
116,gible,"(104, 149, 161)","(219, 129, 112)","(102, 55, 48)",cadetblue,lightcoral,saddlebrown
117,corphish,"(214, 123, 93)","(224, 214, 197)","(137, 62, 42)",indianred,lightgrey,saddlebrown
118,octillery,"(217, 83, 64)","(218, 171, 125)","(55, 32, 23)",indianred,burlywood,black
119,cubone,"(213, 208, 201)","(86, 77, 63)","(175, 138, 72)",lightgrey,darkolivegreen,peru
120,dusclops,"(162, 159, 157)","(93, 92, 92)","(226, 213, 210)",darkgrey,dimgrey,gainsboro
121,koffing,"(176, 164, 193)","(139, 127, 88)","(102, 98, 130)",darkgrey,grey,dimgrey
122,gengar,"(135, 123, 171)","(227, 198, 187)","(71, 57, 85)",lightslategrey,wheat,darkslategrey
123,larvitar,"(174, 190, 134)","(107, 44, 34)","(112, 130, 84)",darkkhaki,saddlebrown,dimgrey
124,rampardos,"(105, 106, 108)","(220, 220, 218)","(76, 148, 217)",dimgrey,gainsboro,cornflowerblue
125,tyrogue,"(210, 189, 202)","(120, 85, 42)","(108, 100, 105)",thistle,saddlebrown,dimgrey
126,wigglytuff,"(219, 196, 205)","(30, 59, 76)","(116, 100, 100)",thistle,darkslategrey,dimgrey
127,castform,"(204, 201, 204)","(70, 70, 70)","(140, 140, 144)",lightgrey,darkslategrey,lightslategrey
128,dusknoir,"(103, 101, 88)","(209, 203, 166)","(172, 172, 172)",dimgrey,silver,darkgrey
129,chinchou,"(198, 202, 153)","(60, 74, 116)","(173, 141, 52)",tan,darkslateblue,peru
130,litleo,"(151, 123, 103)","(239, 213, 168)","(67, 56, 49)",grey,wheat,darkslategrey
131,manectric,"(195, 206, 180)","(63, 100, 122)","(124, 100, 84)",silver,darkslateblue,dimgrey
132,ditto,"(216, 196, 231)","(122, 104, 144)","(159, 140, 172)",thistle,slategrey,darkgrey
133,scrafty,"(222, 163, 95)","(101, 79, 68)","(176, 79, 61)",sandybrown,darkolivegreen,sienna
134,kakuna,"(214, 194, 98)","(101, 90, 60)","(140, 100, 36)",darkkhaki,darkolivegreen,sienna
135,gastrodon,"(198, 135, 142)","(134, 97, 46)","(48, 33, 15)",rosybrown,sienna,black
136,wingull,"(174, 186, 193)","(74, 87, 109)","(140, 116, 100)",silver,dimgrey,grey
137,flaaffy,"(223, 193, 209)","(66, 69, 66)","(137, 84, 89)",thistle,darkslategrey,dimgrey
138,sunflora,"(162, 181, 83)","(244, 241, 190)","(55, 107, 39)",darkkhaki,bisque,darkolivegreen
139,gastly,"(87, 71, 98)","(222, 219, 239)","(172, 156, 172)",dimgrey,lavender,darkgrey
140,delcatty,"(207, 174, 166)","(53, 39, 43)","(128, 105, 75)",tan,darkslategrey,dimgrey
141,granbull,"(215, 181, 206)","(54, 53, 51)","(135, 100, 129)",thistle,darkslategrey,grey
142,whismur,"(235, 215, 192)","(129, 104, 121)","(146, 123, 66)",wheat,grey,sienna
143,cleffa,"(235, 208, 202)","(130, 101, 64)","(136, 116, 116)",pink,sienna,grey
144,growlithe,"(223, 201, 166)","(66, 64, 64)","(140, 86, 56)",wheat,darkslategrey,sienna
145,sigilyph,"(178, 159, 89)","(40, 47, 46)","(141, 182, 206)",darkkhaki,darkslategrey,skyblue
146,cascoon,"(211, 195, 213)","(119, 103, 124)","(156, 116, 156)",thistle,dimgrey,grey
147,rapidash,"(231, 140, 31)","(248, 243, 180)","(62, 67, 70)",goldenrod,moccasin,darkslategrey
148,hydreigon,"(91, 77, 90)","(109, 157, 208)","(206, 106, 145)",dimgrey,cornflowerblue,palevioletred
149,cryogonal,"(99, 135, 176)","(202, 227, 237)","(31, 34, 44)",cadetblue,gainsboro,darkslategrey
150,stunfisk,"(210, 166, 111)","(64, 49, 41)","(97, 85, 73)",darkkhaki,darkslategrey,darkolivegreen
151,stantler,"(199, 168, 128)","(55, 41, 52)","(100, 57, 36)",tan,darkslategrey,saddlebrown
152,snubbull,"(215, 155, 165)","(75, 67, 65)","(140, 81, 88)",tan,darkslategrey,dimgrey
153,surskit,"(108, 159, 188)","(225, 201, 121)","(117, 140, 140)",cadetblue,burlywood,slategrey
154,ampharos,"(235, 216, 66)","(224, 214, 208)","(96, 88, 61)",sandybrown,lightgrey,darkolivegreen
155,monferno,"(185, 133, 59)","(47, 94, 119)","(226, 210, 181)",peru,darkslategrey,wheat
156,zygarde-50,"(67, 65, 52)","(170, 210, 93)","(156, 156, 148)",darkslategrey,darkkhaki,darkgrey
157,rhydon,"(183, 186, 190)","(72, 76, 88)","(108, 98, 110)",silver,darkslategrey,dimgrey
158,arbok,"(174, 161, 189)","(55, 52, 53)","(124, 74, 78)",darkgrey,darkslategrey,dimgrey
159,amaura,"(173, 215, 235)","(181, 175, 147)","(84, 120, 142)",lightblue,darkgrey,slategrey
160,lucario,"(81, 83, 83)","(226, 212, 172)","(120, 169, 195)",darkslategrey,wheat,cadetblue
161,pupitar,"(180, 190, 226)","(47, 51, 58)","(84, 100, 116)",lightsteelblue,darkslategrey,dimgrey
162,elekid,"(215, 201, 104)","(39, 39, 33)","(122, 100, 44)",darkkhaki,darkslategrey,darkolivegreen
163,goomy,"(213, 193, 225)","(125, 213, 116)","(87, 116, 98)",thistle,darkseagreen,dimgrey
164,vullaby,"(99, 84, 78)","(237, 222, 198)","(195, 164, 147)",dimgrey,bisque,rosybrown
165,venipede,"(219, 94, 130)","(62, 58, 54)","(224, 192, 110)",palevioletred,darkslategrey,burlywood
166,doublade,"(190, 162, 161)","(67, 62, 56)","(146, 60, 113)",darkgrey,darkslategrey,dimgrey
167,tangela,"(80, 117, 143)","(215, 166, 147)","(134, 208, 241)",slategrey,tan,skyblue
168,pignite,"(90, 65, 55)","(236, 163, 66)","(140, 140, 140)",darkolivegreen,sandybrown,grey
169,sandile,"(175, 143, 102)","(31, 30, 30)","(104, 52, 72)",darkkhaki,black,dimgrey
170,machamp,"(149, 161, 178)","(45, 48, 69)","(110, 105, 61)",darkgrey,darkslategrey,darkolivegreen
171,wailord,"(81, 181, 225)","(242, 239, 228)","(20, 55, 87)",mediumturquoise,linen,darkslategrey
172,rhyhorn,"(157, 166, 179)","(56, 61, 68)","(76, 84, 100)",darkgrey,darkslategrey,dimgrey
173,ninjask,"(190, 182, 169)","(43, 48, 42)","(149, 44, 44)",darkgrey,darkslategrey,brown
174,grotle,"(83, 132, 62)","(227, 195, 63)","(159, 206, 117)",darkolivegreen,goldenrod,darkseagreen
175,dragonair,"(139, 173, 208)","(36, 96, 160)","(223, 224, 219)",skyblue,steelblue,gainsboro
176,mime-jr,"(53, 82, 102)","(224, 209, 216)","(172, 156, 172)",darkslategrey,gainsboro,darkgrey
177,zebstrika,"(71, 66, 62)","(194, 192, 190)","(112, 162, 174)",darkslategrey,silver,cadetblue
178,pikachu,"(229, 215, 109)","(28, 28, 20)","(140, 116, 68)",khaki,black,sienna
179,typhlosion,"(240, 229, 151)","(74, 86, 108)","(145, 114, 69)",khaki,dimgrey,sienna
180,aromatisse,"(214, 146, 170)","(102, 44, 70)","(157, 78, 76)",rosybrown,darkslategrey,sienna
181,chimecho,"(199, 207, 208)","(181, 95, 98)","(177, 161, 89)",lightgrey,indianred,darkkhaki
182,diggersby,"(128, 103, 74)","(202, 197, 197)","(242, 220, 123)",dimgrey,silver,khaki
183,trevenant,"(130, 106, 80)","(40, 100, 84)","(77, 190, 159)",dimgrey,darkslategrey,mediumaquamarine
184,audino,"(236, 198, 186)","(85, 108, 142)","(170, 109, 115)",lightpink,slategrey,indianred
185,dodrio,"(189, 148, 115)","(52, 51, 47)","(223, 221, 207)",rosybrown,darkslategrey,gainsboro
186,azumarill,"(52, 155, 204)","(157, 72, 73)","(180, 183, 183)",steelblue,sienna,silver
187,aggron,"(100, 99, 100)","(215, 217, 216)","(156, 157, 156)",dimgrey,gainsboro,darkgrey
188,dialga,"(62, 90, 128)","(201, 220, 228)","(161, 166, 174)",darkslateblue,gainsboro,darkgrey
189,totodile,"(93, 177, 186)","(237, 212, 151)","(29, 33, 33)",cadetblue,khaki,black
190,tauros,"(167, 139, 101)","(185, 192, 212)","(56, 60, 70)",rosybrown,lightsteelblue,darkslategrey
191,silcoon,"(224, 221, 236)","(126, 80, 80)","(149, 149, 160)",gainsboro,dimgrey,darkgrey
192,cottonee,"(182, 219, 172)","(74, 153, 78)","(150, 134, 112)",silver,seagreen,grey
193,gallade,"(77, 140, 101)","(205, 203, 205)","(140, 189, 192)",seagreen,lightgrey,darkgrey
194,tropius,"(96, 157, 100)","(214, 191, 159)","(50, 69, 42)",mediumseagreen,tan,darkslategrey
195,bouffalant,"(104, 85, 65)","(230, 221, 150)","(156, 156, 158)",darkolivegreen,khaki,darkgrey
196,meowstic-male,"(52, 111, 146)","(194, 197, 200)","(124, 156, 169)",steelblue,silver,lightslategrey
197,woobat,"(190, 217, 230)","(41, 39, 36)","(113, 81, 82)",powderblue,darkslategrey,dimgrey
198,archen,"(180, 114, 94)","(28, 109, 154)","(244, 207, 122)",indianred,teal,khaki
199,ho-oh,"(191, 84, 40)","(236, 217, 150)","(59, 46, 36)",chocolate,khaki,darkslategrey
200,noibat,"(186, 156, 187)","(84, 70, 49)","(107, 63, 116)",darkgrey,darkolivegreen,darkslateblue
201,wartortle,"(195, 207, 216)","(133, 117, 90)","(108, 148, 183)",lightgrey,dimgrey,cadetblue
202,eevee,"(199, 147, 83)","(35, 20, 6)","(239, 228, 200)",peru,black,bisque
203,mewtwo,"(195, 180, 196)","(90, 84, 90)","(136, 100, 128)",silver,dimgrey,grey
204,buneary,"(176, 128, 88)","(241, 225, 166)","(100, 84, 58)",peru,palegoldenrod,darkolivegreen
205,sableye,"(131, 106, 163)","(184, 238, 240)","(62, 50, 86)",lightslategrey,paleturquoise,darkslategrey
206,bidoof,"(153, 113, 55)","(236, 230, 193)","(64, 48, 37)",sienna,wheat,darkslategrey
207,braixen,"(185, 110, 65)","(207, 202, 201)","(48, 48, 48)",peru,lightgrey,darkslategrey
208,elgyem,"(166, 216, 211)","(42, 42, 34)","(68, 132, 94)",lightblue,darkslategrey,seagreen
209,gloom,"(92, 116, 144)","(208, 122, 85)","(132, 63, 36)",slategrey,peru,saddlebrown
210,electabuzz,"(214, 203, 113)","(40, 42, 40)","(135, 114, 52)",burlywood,darkslategrey,sienna
211,piloswine,"(173, 124, 93)","(73, 56, 42)","(231, 224, 218)",peru,darkslategrey,gainsboro
212,miltank,"(226, 197, 186)","(41, 44, 54)","(130, 100, 104)",wheat,darkslategrey,dimgrey
213,cinccino,"(202, 198, 196)","(66, 58, 58)","(140, 84, 100)",silver,darkslategrey,dimgrey
214,anorith,"(83, 86, 82)","(204, 190, 178)","(167, 189, 170)",darkslategrey,silver,darkgrey
215,wurmple,"(196, 161, 151)","(16, 16, 23)","(160, 60, 70)",rosybrown,black,sienna
216,shelgon,"(218, 218, 218)","(91, 91, 92)","(156, 155, 156)",gainsboro,dimgrey,darkgrey
217,swalot,"(177, 157, 209)","(74, 75, 80)","(181, 160, 88)",lightsteelblue,darkslategrey,darkkhaki
218,tyrunt,"(121, 97, 88)","(42, 31, 26)","(203, 193, 185)",dimgrey,black,silver
219,pidgey,"(213, 196, 153)","(38, 38, 38)","(163, 125, 63)",tan,darkslategrey,peru
220,quagsire,"(165, 208, 222)","(92, 129, 139)","(120, 135, 141)",lightblue,slategrey,slategrey
221,gurdurr,"(191, 158, 158)","(94, 33, 44)","(103, 90, 68)",rosybrown,saddlebrown,darkolivegreen
222,amoonguss,"(197, 167, 166)","(56, 41, 30)","(90, 77, 59)",darkgrey,darkslategrey,darkolivegreen
223,mankey,"(211, 191, 174)","(123, 79, 53)","(124, 100, 86)",silver,sienna,dimgrey
224,illumise,"(160, 167, 184)","(41, 42, 45)","(68, 62, 68)",darkgrey,darkslategrey,darkslategrey
225,cacturne,"(176, 201, 158)","(60, 104, 70)","(108, 128, 84)",darkgrey,darkslategrey,dimgrey
226,igglybuff,"(225, 198, 201)","(4, 4, 4)","(188, 52, 68)",thistle,black,brown
227,qwilfish,"(205, 207, 165)","(49, 114, 115)","(103, 146, 131)",silver,seagreen,slategrey
228,goldeen,"(194, 192, 190)","(76, 86, 78)","(199, 116, 84)",silver,darkslategrey,indianred
229,abra,"(220, 212, 61)","(68, 57, 43)","(134, 100, 74)",goldenrod,darkslategrey,dimgrey
230,nidoran-f,"(200, 212, 236)","(91, 107, 140)","(140, 140, 136)",gainsboro,slategrey,grey
231,purrloin,"(103, 82, 115)","(221, 179, 182)","(138, 172, 146)",dimgrey,silver,darkseagreen
232,gulpin,"(152, 191, 144)","(70, 102, 69)","(246, 241, 126)",darkseagreen,darkolivegreen,khaki
233,giratina-altered,"(195, 178, 146)","(56, 56, 56)","(115, 64, 66)",tan,darkslategrey,sienna
234,munchlax,"(72, 121, 145)","(227, 212, 183)","(102, 156, 172)",steelblue,wheat,cadetblue
235,crobat,"(123, 112, 157)","(99, 189, 193)","(192, 152, 220)",slategrey,mediumaquamarine,plum
236,volcanion,"(185, 87, 81)","(57, 138, 144)","(233, 200, 93)",indianred,steelblue,sandybrown
237,lillipup,"(215, 175, 124)","(228, 228, 198)","(134, 116, 98)",burlywood,gainsboro,dimgrey
238,xerneas,"(184, 173, 153)","(59, 73, 95)","(139, 77, 121)",darkgrey,darkslategrey,dimgrey
239,lapras,"(107, 186, 218)","(232, 224, 208)","(80, 104, 126)",skyblue,gainsboro,dimgrey
240,gyarados,"(191, 190, 184)","(46, 121, 152)","(105, 90, 84)",silver,steelblue,dimgrey
241,walrein,"(85, 154, 180)","(202, 198, 203)","(44, 79, 94)",cadetblue,silver,darkslategrey
242,sneasel,"(75, 108, 132)","(212, 123, 118)","(30, 38, 48)",dimgrey,lightcoral,darkslategrey
243,lickilicky,"(232, 143, 160)","(221, 198, 74)","(145, 73, 83)",lightcoral,sandybrown,sienna
244,skuntank,"(90, 66, 98)","(235, 228, 203)","(178, 125, 107)",dimgrey,antiquewhite,rosybrown
245,murkrow,"(33, 51, 73)","(207, 179, 138)","(68, 107, 140)",darkslategrey,tan,steelblue
246,bibarel,"(154, 119, 69)","(225, 215, 171)","(56, 43, 40)",sienna,palegoldenrod,darkslategrey
247,tentacool,"(153, 186, 201)","(160, 53, 95)","(98, 93, 84)",lightsteelblue,brown,dimgrey
248,watchog,"(126, 59, 49)","(236, 209, 116)","(233, 106, 56)",saddlebrown,khaki,tomato
249,oshawott,"(155, 184, 184)","(29, 69, 106)","(183, 130, 58)",darkgrey,darkslategrey,peru
250,pidgeotto,"(211, 201, 162)","(191, 124, 53)","(126, 45, 36)",tan,peru,saddlebrown
251,espurr,"(170, 167, 191)","(79, 76, 95)","(148, 100, 164)",darkgrey,darkslategrey,lightslategrey
252,houndoom,"(82, 71, 67)","(228, 190, 171)","(165, 156, 152)",darkslategrey,lightpink,darkgrey
253,nidorino,"(204, 157, 203)","(25, 106, 104)","(114, 78, 110)",plum,teal,dimgrey
254,hariyama,"(220, 168, 110)","(58, 69, 105)","(250, 250, 234)",darksalmon,darkslategrey,oldlace
255,talonflame,"(167, 148, 141)","(34, 34, 32)","(155, 63, 36)",rosybrown,black,sienna
256,dustox,"(150, 158, 86)","(45, 68, 14)","(203, 163, 205)",darkkhaki,darkgreen,plum
257,weepinbell,"(188, 205, 144)","(50, 55, 46)","(104, 90, 80)",tan,darkslategrey,dimgrey
258,seel,"(218, 216, 223)","(60, 60, 68)","(122, 122, 112)",gainsboro,darkslategrey,grey
259,pineco,"(52, 79, 76)","(102, 174, 162)","(105, 153, 156)",darkslategrey,cadetblue,cadetblue
260,kadabra,"(195, 178, 65)","(68, 52, 52)","(167, 164, 157)",goldenrod,darkslategrey,darkgrey
261,swablu,"(187, 212, 227)","(70, 135, 165)","(105, 110, 110)",lightblue,steelblue,dimgrey
262,skitty,"(229, 193, 178)","(120, 80, 114)","(136, 124, 97)",lightpink,dimgrey,grey
263,masquerain,"(211, 175, 159)","(74, 72, 74)","(172, 84, 92)",tan,darkslategrey,indianred
264,minun,"(212, 210, 165)","(113, 199, 235)","(52, 123, 166)",palegoldenrod,skyblue,steelblue
265,heracross,"(94, 142, 173)","(32, 57, 80)","(207, 198, 159)",cadetblue,darkslategrey,tan
266,trapinch,"(234, 160, 117)","(134, 72, 55)","(182, 102, 68)",darksalmon,sienna,indianred
267,girafarig,"(228, 174, 35)","(39, 23, 23)","(214, 175, 180)",goldenrod,black,silver
268,tyrantrum,"(141, 93, 93)","(221, 210, 190)","(50, 41, 39)",dimgrey,lightgrey,darkslategrey
269,graveler,"(186, 181, 170)","(82, 80, 77)","(118, 116, 100)",darkgrey,darkslategrey,dimgrey
270,poochyena,"(160, 158, 156)","(58, 58, 58)","(140, 58, 71)",darkgrey,darkslategrey,sienna
271,electivire,"(213, 197, 120)","(39, 43, 42)","(101, 80, 65)",burlywood,darkslategrey,darkolivegreen
272,gourgeist-average,"(237, 184, 145)","(109, 94, 84)","(66, 50, 41)",burlywood,dimgrey,darkslategrey
273,ledian,"(210, 152, 142)","(40, 65, 81)","(140, 45, 56)",rosybrown,darkslategrey,brown
274,cherrim,"(102, 66, 116)","(67, 196, 77)","(220, 112, 135)",darkslateblue,limegreen,palevioletred
275,primeape,"(220, 198, 178)","(68, 58, 46)","(160, 116, 82)",silver,darkslategrey,sienna
276,vanillish,"(109, 153, 188)","(225, 222, 235)","(179, 180, 193)",cadetblue,gainsboro,silver
277,probopass,"(81, 70, 76)","(229, 121, 108)","(130, 176, 220)",darkslategrey,salmon,skyblue
278,skiploom,"(141, 197, 52)","(78, 122, 29)","(172, 172, 172)",yellowgreen,darkolivegreen,darkgrey
279,chesnaught,"(179, 179, 150)","(81, 53, 39)","(83, 94, 48)",darkgrey,darkolivegreen,darkolivegreen
280,kyurem,"(175, 196, 200)","(108, 102, 100)","(75, 72, 73)",silver,dimgrey,darkslategrey
281,carnivine,"(176, 204, 119)","(168, 61, 48)","(225, 227, 207)",darkkhaki,brown,gainsboro
282,gardevoir,"(179, 198, 180)","(91, 140, 90)","(136, 44, 68)",silver,dimgrey,brown
283,pinsir,"(184, 172, 171)","(60, 53, 50)","(110, 100, 100)",darkgrey,darkslategrey,dimgrey
284,snorunt,"(214, 195, 148)","(66, 69, 65)","(144, 77, 48)",tan,darkslategrey,sienna
285,samurott,"(69, 106, 157)","(210, 203, 173)","(54, 59, 61)",steelblue,silver,darkslategrey
286,smeargle,"(213, 205, 188)","(114, 55, 26)","(130, 144, 63)",lightgrey,saddlebrown,olivedrab
287,magby,"(205, 107, 104)","(74, 64, 55)","(204, 208, 208)",indianred,darkslategrey,lightgrey
288,ursaring,"(160, 103, 75)","(228, 220, 146)","(68, 36, 28)",sienna,khaki,darkslategrey
289,haxorus,"(129, 111, 50)","(46, 45, 45)","(208, 199, 54)",olivedrab,darkslategrey,goldenrod
290,geodude,"(182, 180, 169)","(108, 108, 100)","(142, 140, 116)",darkgrey,dimgrey,grey
291,foongus,"(202, 194, 185)","(77, 56, 45)","(116, 108, 108)",silver,darkslategrey,dimgrey
292,hippowdon,"(97, 91, 78)","(208, 184, 88)","(172, 172, 172)",dimgrey,darkkhaki,darkgrey
293,delibird,"(203, 195, 197)","(152, 44, 28)","(190, 78, 53)",silver,brown,sienna
294,drapion,"(158, 99, 150)","(48, 44, 65)","(220, 205, 221)",grey,darkslategrey,lightgrey
295,smoochum,"(213, 178, 143)","(55, 69, 61)","(138, 58, 84)",tan,darkslategrey,sienna
296,scyther,"(174, 201, 153)","(63, 87, 48)","(104, 148, 84)",darkseagreen,darkolivegreen,dimgrey
297,stunky,"(83, 61, 90)","(234, 232, 212)","(224, 128, 56)",darkslategrey,antiquewhite,peru
298,swadloon,"(154, 194, 56)","(35, 83, 36)","(77, 86, 40)",yellowgreen,darkslategrey,darkolivegreen
299,klefki,"(188, 186, 180)","(44, 52, 47)","(98, 84, 80)",silver,darkslategrey,dimgrey
300,vivillon,"(192, 103, 144)","(46, 58, 58)","(228, 216, 222)",palevioletred,darkslategrey,gainsboro
301,honedge,"(157, 167, 153)","(34, 97, 127)","(78, 62, 46)",darkgrey,teal,darkolivegreen
302,entei,"(140, 86, 55)","(220, 226, 195)","(152, 159, 162)",sienna,lightgrey,darkgrey
303,servine,"(155, 180, 108)","(51, 124, 50)","(240, 239, 197)",darkkhaki,forestgreen,blanchedalmond
304,zubat,"(142, 102, 147)","(46, 101, 134)","(33, 40, 46)",grey,darkslateblue,darkslategrey
305,umbreon,"(62, 74, 74)","(210, 200, 112)","(152, 156, 160)",darkslategrey,darkkhaki,darkgrey
306,reuniclus,"(190, 221, 180)","(106, 136, 100)","(158, 113, 92)",silver,dimgrey,grey
307,froslass,"(192, 202, 203)","(81, 52, 86)","(95, 129, 140)",silver,darkslategrey,slategrey
308,magcargo,"(214, 101, 76)","(76, 75, 94)","(135, 148, 177)",indianred,darkslategrey,lightslategrey
309,boldore,"(45, 50, 72)","(194, 111, 63)","(140, 140, 104)",darkslategrey,peru,grey
310,genesect,"(172, 143, 174)","(50, 44, 60)","(106, 64, 89)",darkgrey,darkslategrey,dimgrey
311,larvesta,"(213, 204, 201)","(64, 58, 56)","(197, 100, 76)",lightgrey,darkslategrey,indianred
312,aegislash-blade,"(187, 176, 126)","(62, 52, 62)","(96, 86, 73)",darkkhaki,darkslategrey,darkolivegreen
313,golett,"(96, 166, 172)","(81, 73, 55)","(233, 207, 126)",cadetblue,darkolivegreen,burlywood
314,voltorb,"(228, 164, 156)","(134, 133, 145)","(146, 82, 73)",tan,lightslategrey,sienna
315,regirock,"(191, 167, 158)","(83, 56, 49)","(161, 93, 67)",darkgrey,darkolivegreen,sienna
316,cherubi,"(232, 96, 117)","(36, 123, 41)","(164, 188, 164)",lightcoral,forestgreen,darkgrey
317,barboach,"(166, 188, 200)","(58, 68, 72)","(70, 147, 180)",lightsteelblue,darkslategrey,steelblue
318,wooper,"(167, 198, 222)","(120, 80, 98)","(40, 63, 90)",lightsteelblue,dimgrey,darkslategrey
319,escavalier,"(207, 166, 161)","(30, 49, 81)","(158, 51, 61)",tan,darkslategrey,brown
320,vileplume,"(205, 105, 112)","(99, 138, 169)","(58, 102, 140)",indianred,cadetblue,darkslateblue
321,mismagius,"(132, 93, 142)","(83, 34, 53)","(243, 133, 174)",grey,darkslategrey,hotpink
322,blastoise,"(176, 186, 195)","(44, 53, 68)","(121, 105, 77)",silver,darkslategrey,dimgrey
323,sealeo,"(176, 203, 204)","(48, 118, 159)","(89, 100, 94)",lightsteelblue,steelblue,dimgrey
324,snivy,"(137, 183, 93)","(239, 234, 195)","(55, 142, 54)",darkseagreen,bisque,forestgreen
325,snorlax,"(230, 220, 210)","(9, 96, 130)","(126, 148, 148)",gainsboro,teal,lightslategrey
326,lopunny,"(218, 188, 137)","(110, 71, 49)","(171, 106, 67)",burlywood,saddlebrown,sienna
327,persian,"(217, 205, 171)","(97, 92, 76)","(140, 116, 94)",wheat,dimgrey,grey
328,beartic,"(214, 227, 234)","(84, 84, 90)","(138, 144, 140)",gainsboro,dimgrey,grey
329,gothorita,"(55, 52, 54)","(199, 194, 198)","(104, 200, 220)",darkslategrey,silver,skyblue
330,rattata,"(177, 149, 175)","(76, 50, 81)","(93, 87, 84)",darkgrey,darkslategrey,dimgrey
331,starly,"(129, 109, 100)","(41, 39, 33)","(218, 216, 206)",dimgrey,darkslategrey,lightgrey
332,houndour,"(71, 69, 63)","(214, 169, 138)","(140, 140, 140)",darkslategrey,tan,grey
333,eelektrik,"(207, 181, 148)","(61, 84, 113)","(154, 61, 53)",tan,darkslateblue,sienna
334,quilava,"(28, 93, 108)","(225, 212, 157)","(84, 52, 60)",darkslategrey,palegoldenrod,darkslategrey
335,whimsicott,"(225, 217, 171)","(96, 93, 58)","(101, 153, 94)",palegoldenrod,darkolivegreen,dimgrey
336,magikarp,"(197, 117, 87)","(211, 203, 203)","(244, 202, 103)",indianred,lightgrey,sandybrown
337,drowzee,"(223, 212, 61)","(77, 74, 65)","(102, 90, 71)",goldenrod,darkslategrey,darkolivegreen
338,claydol,"(60, 61, 58)","(225, 186, 172)","(156, 156, 156)",darkslategrey,tan,darkgrey
339,clamperl,"(36, 40, 49)","(188, 204, 214)","(91, 115, 160)",darkslategrey,lightsteelblue,slategrey
340,seedot,"(171, 162, 148)","(47, 46, 46)","(89, 68, 68)",darkgrey,darkslategrey,darkolivegreen
341,garchomp,"(85, 88, 122)","(226, 140, 88)","(172, 172, 164)",dimgrey,sandybrown,darkgrey
342,skiddo,"(93, 111, 96)","(216, 195, 178)","(73, 192, 151)",dimgrey,silver,mediumaquamarine
343,hypno,"(226, 210, 63)","(44, 39, 26)","(196, 199, 210)",goldenrod,black,lightgrey
344,weedle,"(229, 190, 156)","(129, 87, 54)","(154, 100, 125)",burlywood,sienna,grey
345,ambipom,"(180, 149, 157)","(53, 36, 58)","(106, 52, 93)",rosybrown,darkslategrey,dimgrey
346,spoink,"(175, 164, 166)","(52, 52, 52)","(84, 84, 84)",darkgrey,darkslategrey,dimgrey
347,frillish,"(164, 209, 219)","(69, 107, 144)","(125, 113, 126)",lightblue,steelblue,grey
348,honchkrow,"(50, 86, 121)","(205, 185, 183)","(133, 140, 144)",darkslateblue,silver,lightslategrey
349,tympole,"(77, 76, 70)","(243, 223, 177)","(119, 154, 172)",darkslategrey,wheat,lightslategrey
350,meganium,"(193, 212, 141)","(230, 106, 140)","(148, 140, 39)",tan,palevioletred,olivedrab
351,lileep,"(180, 152, 164)","(42, 42, 44)","(94, 62, 97)",darkgrey,darkslategrey,dimgrey
352,pachirisu,"(186, 220, 229)","(153, 148, 85)","(122, 134, 144)",powderblue,grey,lightslategrey
353,tyranitar,"(172, 187, 141)","(60, 63, 56)","(84, 100, 70)",darkseagreen,darkslategrey,darkolivegreen
354,magnezone,"(166, 171, 174)","(117, 97, 41)","(87, 84, 84)",darkgrey,darkolivegreen,dimgrey
355,beldum,"(73, 128, 147)","(26, 44, 48)","(30, 68, 84)",steelblue,darkslategrey,darkslategrey
356,glameow,"(141, 148, 158)","(31, 33, 38)","(74, 84, 84)",lightslategrey,black,darkslategrey
357,swanna,"(195, 209, 221)","(58, 74, 92)","(145, 145, 95)",lightgrey,darkslategrey,grey
358,nuzleaf,"(170, 149, 136)","(40, 54, 46)","(90, 68, 61)",rosybrown,darkslategrey,darkolivegreen
359,zangoose,"(198, 170, 176)","(180, 63, 77)","(60, 62, 62)",silver,indianred,darkslategrey
360,gogoat,"(84, 109, 92)","(221, 192, 165)","(64, 189, 156)",dimgrey,tan,lightseagreen
361,jolteon,"(194, 183, 91)","(54, 41, 60)","(206, 208, 212)",darkkhaki,darkslategrey,lightgrey
362,moltres,"(232, 174, 55)","(172, 73, 30)","(125, 111, 57)",goldenrod,sienna,darkolivegreen
363,dragonite,"(218, 185, 111)","(53, 109, 95)","(243, 242, 208)",burlywood,seagreen,lightgoldenrodyellow
364,golurk,"(102, 170, 174)","(217, 178, 105)","(104, 86, 50)",cadetblue,darkkhaki,darkolivegreen
365,metapod,"(141, 190, 81)","(61, 77, 36)","(182, 198, 151)",yellowgreen,darkolivegreen,tan
366,marowak,"(223, 208, 184)","(161, 133, 74)","(132, 129, 129)",wheat,peru,grey
367,gigalith,"(69, 67, 92)","(205, 92, 76)","(82, 30, 27)",darkslategrey,indianred,maroon
368,emboar,"(73, 56, 44)","(234, 163, 69)","(168, 165, 138)",darkslategrey,sandybrown,rosybrown
369,exeggutor,"(172, 190, 150)","(55, 88, 55)","(97, 89, 79)",darkgrey,darkslategrey,dimgrey
370,magneton,"(156, 171, 174)","(59, 77, 81)","(98, 78, 73)",darkgrey,darkslategrey,darkolivegreen
371,mesprit,"(208, 157, 187)","(105, 113, 131)","(211, 232, 244)",plum,slategrey,lavender
372,groudon,"(168, 55, 44)","(186, 182, 177)","(45, 46, 44)",brown,silver,darkslategrey
373,wobbuffet,"(108, 186, 222)","(52, 100, 116)","(36, 48, 60)",skyblue,darkslategrey,darkslategrey
374,delphox,"(185, 88, 66)","(210, 199, 143)","(68, 48, 44)",indianred,tan,darkslategrey
375,exploud,"(163, 162, 186)","(88, 80, 94)","(47, 47, 55)",darkgrey,dimgrey,darkslategrey
376,mantyke,"(37, 105, 168)","(182, 219, 234)","(150, 166, 176)",steelblue,powderblue,darkgrey
377,malamar,"(172, 187, 202)","(70, 64, 87)","(77, 109, 143)",lightsteelblue,darkslategrey,slategrey
378,simisage,"(73, 167, 103)","(218, 207, 148)","(58, 87, 62)",mediumseagreen,burlywood,darkslategrey
379,espeon,"(217, 188, 209)","(65, 98, 124)","(140, 100, 116)",thistle,darkslateblue,grey
380,landorus-incarnate,"(160, 116, 95)","(220, 221, 227)","(70, 53, 50)",grey,gainsboro,darkslategrey
381,paras,"(215, 164, 83)","(64, 48, 46)","(228, 197, 222)",sandybrown,darkslategrey,thistle
382,noctowl,"(171, 133, 102)","(237, 229, 183)","(62, 39, 27)",rosybrown,wheat,darkslategrey
383,hitmonlee,"(178, 160, 149)","(55, 48, 48)","(84, 68, 64)",rosybrown,darkslategrey,darkslategrey
384,slaking,"(185, 168, 156)","(81, 66, 55)","(100, 84, 84)",darkgrey,darkolivegreen,dimgrey
385,solrock,"(216, 175, 104)","(62, 46, 34)","(166, 86, 36)",darkkhaki,darkslategrey,sienna
386,pelipper,"(236, 220, 159)","(103, 138, 151)","(142, 128, 68)",palegoldenrod,slategrey,olivedrab
387,poliwhirl,"(101, 122, 153)","(213, 212, 214)","(28, 31, 28)",slategrey,lightgrey,black
388,palpitoad,"(92, 96, 96)","(227, 227, 192)","(68, 150, 206)",dimgrey,wheat,steelblue
389,eelektross,"(66, 78, 94)","(203, 172, 125)","(113, 142, 182)",darkslategrey,tan,lightslategrey
390,patrat,"(176, 131, 79)","(236, 223, 208)","(81, 50, 30)",peru,antiquewhite,darkolivegreen
391,spheal,"(202, 210, 208)","(63, 84, 118)","(116, 100, 84)",lightgrey,darkslateblue,dimgrey
392,seadra,"(157, 199, 203)","(45, 68, 76)","(100, 100, 100)",lightsteelblue,darkslategrey,dimgrey
393,lotad,"(108, 155, 98)","(136, 184, 205)","(240, 220, 144)",grey,skyblue,khaki
394,ralts,"(183, 217, 185)","(86, 125, 86)","(140, 184, 140)",silver,dimgrey,darkseagreen
395,registeel,"(173, 170, 170)","(51, 51, 51)","(87, 85, 84)",darkgrey,darkslategrey,dimgrey
396,slurpuff,"(227, 200, 208)","(152, 85, 101)","(168, 126, 140)",thistle,dimgrey,rosybrown
397,arcanine,"(232, 202, 159)","(57, 56, 53)","(180, 109, 58)",wheat,darkslategrey,peru
398,tangrowth,"(113, 157, 194)","(65, 62, 63)","(232, 157, 129)",cadetblue,darkslategrey,darksalmon
399,aerodactyl,"(180, 166, 187)","(70, 61, 77)","(104, 104, 100)",darkgrey,darkslategrey,dimgrey
400,bronzor,"(37, 117, 139)","(204, 173, 104)","(68, 188, 220)",teal,darkkhaki,mediumturquoise
401,sylveon,"(213, 170, 184)","(100, 127, 155)","(170, 94, 114)",silver,slategrey,indianred
402,kyogre,"(47, 111, 181)","(205, 226, 243)","(130, 36, 57)",steelblue,lavender,brown
403,sharpedo,"(17, 105, 159)","(193, 186, 186)","(30, 25, 33)",teal,silver,black
404,flabebe,"(169, 154, 106)","(154, 49, 63)","(36, 34, 22)",darkkhaki,brown,black
405,quilladin,"(152, 167, 70)","(93, 63, 45)","(223, 202, 181)",yellowgreen,darkolivegreen,wheat
406,feebas,"(210, 189, 155)","(83, 69, 70)","(102, 133, 152)",tan,darkslategrey,slategrey
407,metagross,"(83, 140, 160)","(209, 205, 204)","(26, 41, 45)",cadetblue,lightgrey,darkslategrey
408,maractus,"(134, 178, 101)","(28, 85, 82)","(117, 66, 95)",darkseagreen,darkslategrey,dimgrey
409,muk,"(158, 141, 163)","(46, 42, 46)","(86, 68, 82)",darkgrey,darkslategrey,darkslategrey
410,empoleon,"(40, 51, 56)","(214, 190, 115)","(110, 170, 224)",darkslategrey,burlywood,cornflowerblue
411,chimchar,"(203, 142, 47)","(238, 230, 170)","(61, 47, 40)",peru,palegoldenrod,darkslategrey
412,staryu,"(178, 146, 80)","(69, 55, 30)","(250, 243, 102)",peru,darkolivegreen,khaki
413,pancham,"(216, 214, 187)","(85, 85, 92)","(48, 68, 64)",lightgrey,dimgrey,darkslategrey
414,dwebble,"(90, 79, 67)","(228, 142, 75)","(166, 166, 166)",darkolivegreen,peru,darkgrey
415,joltik,"(229, 217, 91)","(54, 70, 126)","(128, 116, 108)",khaki,darkslateblue,grey
416,armaldo,"(144, 143, 149)","(41, 50, 62)","(84, 74, 48)",lightslategrey,darkslategrey,darkolivegreen
417,wormadam-plant,"(56, 90, 52)","(193, 196, 193)","(89, 180, 56)",darkslategrey,silver,limegreen
418,phione,"(96, 193, 222)","(51, 110, 147)","(167, 200, 201)",mediumturquoise,steelblue,lightsteelblue
419,rhyperior,"(170, 114, 86)","(74, 63, 62)","(212, 204, 209)",indianred,darkslategrey,lightgrey
420,pansear,"(208, 113, 90)","(248, 233, 144)","(222, 180, 69)",indianred,khaki,sandybrown
421,happiny,"(206, 169, 174)","(76, 68, 68)","(132, 84, 89)",silver,darkslategrey,dimgrey
422,spearow,"(189, 123, 103)","(240, 226, 212)","(200, 188, 172)",indianred,antiquewhite,silver
423,helioptile,"(177, 172, 108)","(52, 73, 91)","(156, 190, 215)",darkkhaki,darkslategrey,lightsteelblue
424,fearow,"(174, 126, 75)","(204, 190, 175)","(69, 53, 36)",peru,silver,darkslategrey
425,prinplup,"(148, 182, 192)","(28, 67, 119)","(196, 160, 20)",darkgrey,midnightblue,goldenrod
426,diancie,"(181, 150, 176)","(57, 57, 76)","(108, 28, 36)",darkgrey,darkslategrey,maroon
427,klink,"(168, 169, 172)","(33, 31, 31)","(47, 164, 155)",darkgrey,black,lightseagreen
428,farfetchd,"(197, 181, 169)","(164, 163, 40)","(60, 76, 40)",silver,yellowgreen,darkolivegreen
429,gorebyss,"(233, 186, 207)","(106, 88, 101)","(174, 140, 156)",thistle,dimgrey,rosybrown
430,noivern,"(83, 106, 110)","(213, 168, 173)","(111, 221, 214)",dimgrey,tan,skyblue
431,herdier,"(186, 138, 103)","(56, 65, 92)","(252, 247, 203)",rosybrown,darkslategrey,lemonchiffon
432,tynamo,"(205, 213, 208)","(140, 140, 140)","(84, 89, 89)",lightgrey,grey,dimgrey
433,whiscash,"(84, 94, 106)","(207, 197, 151)","(124, 215, 239)",dimgrey,tan,skyblue
434,nidoran-m,"(194, 150, 193)","(23, 114, 113)","(122, 80, 122)",darkgrey,teal,dimgrey
435,diglett,"(169, 142, 122)","(57, 62, 57)","(122, 90, 68)",rosybrown,darkslategrey,dimgrey
436,krokorok,"(186, 145, 111)","(45, 46, 49)","(204, 204, 200)",rosybrown,darkslategrey,lightgrey
437,scizor,"(197, 87, 83)","(218, 201, 183)","(74, 46, 44)",indianred,silver,darkslategrey
438,skarmory,"(181, 185, 198)","(129, 52, 58)","(88, 98, 116)",silver,brown,dimgrey
439,remoraid,"(182, 204, 185)","(86, 125, 111)","(130, 140, 120)",silver,dimgrey,grey
440,hitmontop,"(184, 160, 140)","(47, 80, 112)","(108, 84, 68)",rosybrown,darkslategrey,darkolivegreen
441,slowbro,"(217, 193, 199)","(76, 53, 64)","(112, 121, 120)",thistle,darkslategrey,grey
442,numel,"(234, 221, 165)","(125, 124, 100)","(183, 151, 82)",palegoldenrod,dimgrey,peru
443,glalie,"(181, 192, 212)","(44, 47, 46)","(77, 87, 84)",lightsteelblue,darkslategrey,darkslategrey
444,vaporeon,"(153, 200, 211)","(28, 70, 94)","(78, 116, 137)",lightsteelblue,darkslategrey,slategrey
445,porygon-z,"(70, 154, 186)","(221, 118, 116)","(108, 68, 47)",steelblue,lightcoral,saddlebrown
446,lunatone,"(210, 195, 156)","(38, 36, 37)","(104, 100, 68)",tan,darkslategrey,darkolivegreen
447,machoke,"(177, 174, 195)","(66, 47, 61)","(84, 84, 100)",silver,darkslategrey,dimgrey
448,bastiodon,"(122, 119, 118)","(233, 226, 190)","(172, 172, 172)",grey,wheat,darkgrey
449,mandibuzz,"(111, 95, 89)","(228, 211, 175)","(204, 150, 140)",dimgrey,wheat,rosybrown
450,arceus,"(187, 189, 188)","(182, 168, 61)","(43, 77, 64)",silver,peru,darkslategrey
451,throh,"(187, 155, 146)","(52, 49, 50)","(109, 40, 37)",rosybrown,darkslategrey,saddlebrown
452,abomasnow,"(107, 146, 141)","(218, 223, 229)","(43, 57, 60)",slategrey,gainsboro,darkslategrey
453,bronzong,"(92, 152, 153)","(38, 61, 65)","(201, 202, 202)",cadetblue,darkslategrey,lightgrey
454,greninja,"(58, 98, 142)","(236, 204, 193)","(74, 160, 228)",darkslateblue,wheat,cornflowerblue
455,hoppip,"(226, 149, 170)","(69, 98, 28)","(151, 184, 55)",palevioletred,darkolivegreen,yellowgreen
456,kecleon,"(187, 201, 130)","(92, 101, 68)","(165, 104, 113)",darkkhaki,darkolivegreen,grey
457,crustle,"(129, 107, 81)","(41, 37, 29)","(222, 163, 87)",dimgrey,black,sandybrown
458,shuppet,"(118, 124, 170)","(48, 49, 55)","(236, 236, 148)",lightslategrey,darkslategrey,khaki
459,ducklett,"(190, 222, 219)","(87, 151, 162)","(151, 148, 75)",powderblue,cadetblue,peru
460,plusle,"(210, 160, 137)","(176, 42, 53)","(70, 33, 38)",tan,brown,darkslategrey
461,poliwag,"(84, 112, 147)","(210, 214, 221)","(30, 28, 22)",slategrey,lightgrey,black
462,treecko,"(205, 223, 133)","(88, 107, 65)","(160, 162, 64)",khaki,darkolivegreen,yellowgreen
463,torchic,"(236, 175, 70)","(209, 198, 152)","(113, 102, 73)",sandybrown,tan,dimgrey
464,kabutops,"(199, 152, 88)","(73, 49, 23)","(205, 204, 197)",peru,darkolivegreen,lightgrey
465,dunsparce,"(232, 227, 112)","(56, 136, 145)","(219, 222, 209)",khaki,steelblue,gainsboro
466,flygon,"(174, 185, 142)","(111, 46, 48)","(89, 116, 81)",darkseagreen,saddlebrown,dimgrey
467,dugtrio,"(193, 164, 138)","(103, 96, 95)","(244, 206, 236)",rosybrown,dimgrey,mistyrose
468,marill,"(56, 155, 203)","(201, 180, 180)","(40, 48, 68)",steelblue,silver,darkslategrey
469,cacnea,"(105, 144, 97)","(205, 223, 162)","(28, 30, 30)",dimgrey,palegoldenrod,black
470,slugma,"(224, 122, 79)","(232, 218, 122)","(164, 60, 41)",peru,khaki,brown
471,oddish,"(75, 168, 56)","(101, 143, 168)","(182, 218, 126)",limegreen,cadetblue,darkkhaki
472,jirachi,"(230, 222, 155)","(88, 112, 112)","(142, 140, 127)",palegoldenrod,dimgrey,grey
473,litwick,"(195, 201, 211)","(106, 109, 162)","(154, 136, 24)",lightgrey,slategrey,darkgoldenrod
474,pidgeot,"(225, 221, 177)","(152, 72, 52)","(192, 147, 63)",palegoldenrod,sienna,peru
475,sandslash,"(203, 171, 85)","(227, 225, 215)","(84, 52, 18)",darkkhaki,gainsboro,saddlebrown
476,drilbur,"(100, 93, 102)","(228, 223, 216)","(146, 146, 174)",dimgrey,gainsboro,darkgrey
477,cranidos,"(116, 152, 178)","(160, 162, 171)","(88, 87, 92)",cadetblue,darkgrey,dimgrey
478,chansey,"(234, 197, 211)","(140, 100, 110)","(169, 140, 140)",thistle,grey,rosybrown
479,camerupt,"(212, 138, 113)","(73, 86, 96)","(233, 225, 215)",darksalmon,darkslategrey,gainsboro
480,pichu,"(220, 212, 133)","(40, 40, 39)","(118, 96, 64)",khaki,darkslategrey,darkolivegreen
481,duskull,"(162, 165, 158)","(50, 53, 53)","(89, 85, 84)",darkgrey,darkslategrey,dimgrey
482,kangaskhan,"(177, 150, 117)","(81, 57, 44)","(238, 238, 197)",rosybrown,darkolivegreen,blanchedalmond
483,chingling,"(238, 232, 70)","(174, 86, 77)","(208, 196, 200)",khaki,indianred,silver
484,whirlipede,"(163, 148, 168)","(83, 86, 86)","(92, 74, 56)",darkgrey,dimgrey,darkolivegreen
485,ferroseed,"(107, 144, 111)","(212, 208, 195)","(35, 35, 29)",grey,lightgrey,black
486,barbaracle,"(102, 97, 73)","(183, 205, 215)","(214, 140, 118)",darkolivegreen,lightsteelblue,darksalmon
487,salamence,"(116, 82, 96)","(97, 199, 227)","(205, 152, 162)",dimgrey,mediumturquoise,rosybrown
488,zekrom,"(63, 76, 76)","(148, 148, 150)","(110, 140, 144)",darkslategrey,lightslategrey,slategrey
489,haunter,"(149, 136, 185)","(69, 60, 90)","(220, 180, 204)",mediumpurple,darkslategrey,thistle
490,glaceon,"(158, 198, 203)","(33, 113, 122)","(68, 97, 100)",lightsteelblue,teal,darkslategrey
491,shaymin-land,"(191, 198, 117)","(30, 101, 30)","(218, 202, 204)",darkkhaki,forestgreen,lightgrey
492,golduck,"(140, 187, 216)","(231, 224, 206)","(80, 95, 104)",skyblue,gainsboro,dimgrey
493,milotic,"(224, 201, 182)","(86, 64, 70)","(100, 134, 147)",wheat,darkslategrey,slategrey
494,politoed,"(142, 192, 65)","(244, 225, 121)","(90, 104, 65)",yellowgreen,khaki,darkolivegreen
495,absol,"(165, 169, 184)","(54, 70, 102)","(114, 100, 100)",darkgrey,darkslategrey,dimgrey
496,mienshao,"(194, 181, 189)","(85, 56, 80)","(110, 102, 113)",silver,darkslategrey,dimgrey
497,aron,"(182, 181, 184)","(28, 52, 62)","(72, 72, 64)",silver,darkslategrey,darkslategrey
498,tepig,"(213, 118, 61)","(60, 52, 49)","(156, 153, 157)",peru,darkslategrey,darkgrey
499,klang,"(179, 178, 180)","(49, 104, 101)","(93, 88, 84)",darkgrey,darkslategrey,dimgrey
500,zapdos,"(217, 199, 114)","(64, 55, 43)","(133, 100, 68)",burlywood,darkslategrey,sienna
501,clauncher,"(144, 214, 223)","(186, 158, 85)","(36, 52, 58)",skyblue,darkkhaki,darkslategrey
502,riolu,"(83, 93, 100)","(131, 189, 219)","(118, 156, 167)",dimgrey,skyblue,cadetblue
503,raichu,"(233, 208, 100)","(98, 79, 42)","(238, 232, 220)",burlywood,darkolivegreen,antiquewhite
504,hitmonchan,"(191, 162, 155)","(71, 76, 85)","(79, 44, 38)",rosybrown,darkslategrey,darkslategrey
505,slakoth,"(210, 200, 188)","(73, 58, 49)","(114, 96, 100)",silver,darkslategrey,dimgrey
506,ponyta,"(237, 232, 171)","(44, 50, 60)","(226, 87, 10)",palegoldenrod,darkslategrey,chocolate
507,togepi,"(223, 215, 193)","(82, 119, 136)","(156, 140, 132)",lightgrey,slategrey,grey
508,pumpkaboo-average,"(99, 81, 69)","(222, 143, 107)","(172, 156, 156)",darkolivegreen,darksalmon,darkgrey
509,snover,"(139, 153, 137)","(52, 85, 77)","(226, 233, 236)",grey,darkslategrey,lavender
510,solosis,"(196, 228, 183)","(142, 183, 140)","(130, 156, 125)",lightgrey,darkseagreen,grey
511,fraxure,"(94, 104, 90)","(212, 143, 138)","(137, 196, 124)",dimgrey,rosybrown,darkseagreen
512,caterpie,"(154, 181, 101)","(47, 58, 33)","(172, 68, 36)",darkkhaki,darkslategrey,sienna
513,psyduck,"(223, 202, 139)","(52, 46, 41)","(120, 100, 77)",burlywood,darkslategrey,dimgrey
514,teddiursa,"(224, 161, 84)","(48, 37, 26)","(202, 209, 193)",sandybrown,black,silver
515,piplup,"(93, 150, 191)","(227, 232, 182)","(53, 66, 55)",cadetblue,palegoldenrod,darkslategrey
516,darumaka,"(177, 77, 67)","(227, 217, 140)","(36, 36, 44)",sienna,khaki,darkslategrey
517,weavile,"(180, 58, 84)","(54, 91, 119)","(181, 183, 185)",indianred,darkslateblue,silver
518,mawile,"(85, 85, 81)","(236, 222, 157)","(156, 152, 156)",dimgrey,palegoldenrod,darkgrey
519,sewaddle,"(198, 199, 81)","(72, 97, 26)","(224, 222, 215)",darkkhaki,darkolivegreen,gainsboro
520,unfezant,"(156, 146, 148)","(36, 101, 69)","(93, 59, 66)",rosybrown,darkslategrey,darkslategrey
521,manaphy,"(113, 205, 227)","(222, 220, 152)","(61, 71, 80)",skyblue,khaki,darkslategrey
522,bunnelby,"(172, 150, 144)","(69, 60, 57)","(125, 90, 68)",rosybrown,darkslategrey,sienna
523,seismitoad,"(87, 160, 200)","(91, 89, 81)","(187, 222, 217)",steelblue,dimgrey,powderblue
524,simipour,"(76, 188, 219)","(226, 218, 148)","(129, 124, 96)",mediumturquoise,khaki,dimgrey
525,vanilluxe,"(186, 199, 220)","(85, 140, 176)","(128, 113, 180)",lightsteelblue,steelblue,lightslategrey
526,cubchoo,"(178, 207, 223)","(84, 84, 92)","(120, 116, 116)",lightsteelblue,dimgrey,grey
527,mantine,"(191, 184, 194)","(57, 85, 120)","(96, 100, 100)",silver,darkslateblue,dimgrey
528,weezing,"(180, 162, 175)","(98, 89, 63)","(100, 84, 102)",darkgrey,darkolivegreen,dimgrey
529,corsola,"(230, 153, 167)","(122, 118, 122)","(179, 90, 96)",tan,grey,indianred
530,roserade,"(102, 135, 141)","(219, 169, 166)","(77, 40, 61)",slategrey,tan,darkslategrey
531,carbink,"(137, 142, 163)","(60, 56, 73)","(84, 84, 84)",lightslategrey,darkslategrey,dimgrey
532,heliolisk,"(209, 180, 100)","(106, 106, 111)","(55, 60, 63)",darkkhaki,dimgrey,darkslategrey
533,omanyte,"(210, 213, 181)","(86, 161, 181)","(59, 52, 52)",silver,cadetblue,darkslategrey
534,rufflet,"(200, 188, 181)","(71, 69, 87)","(166, 79, 65)",silver,darkslategrey,sienna
535,mothim,"(226, 191, 92)","(201, 88, 17)","(79, 65, 53)",sandybrown,chocolate,darkolivegreen
536,klinklang,"(190, 189, 193)","(46, 115, 111)","(90, 78, 72)",silver,seagreen,darkolivegreen
537,sliggoo,"(218, 199, 229)","(107, 96, 135)","(144, 116, 176)",thistle,dimgrey,lightslategrey
538,raticate,"(196, 154, 89)","(237, 224, 192)","(56, 28, 32)",peru,wheat,darkslategrey
539,vibrava,"(70, 86, 66)","(229, 227, 171)","(92, 227, 116)",darkslategrey,palegoldenrod,mediumseagreen
540,shiftry,"(129, 119, 89)","(220, 217, 220)","(43, 139, 66)",dimgrey,gainsboro,seagreen
541,swampert,"(136, 173, 186)","(34, 49, 63)","(92, 91, 82)",darkgrey,darkslategrey,dimgrey
542,excadrill,"(97, 78, 76)","(191, 187, 196)","(153, 156, 156)",dimgrey,silver,darkgrey
543,chatot,"(61, 87, 69)","(220, 172, 107)","(63, 143, 192)",darkslategrey,sandybrown,steelblue
544,jigglypuff,"(230, 202, 209)","(30, 105, 124)","(128, 108, 116)",thistle,teal,grey
545,loudred,"(168, 160, 177)","(48, 50, 59)","(94, 46, 65)",darkgrey,darkslategrey,darkslategrey
546,forretress,"(209, 189, 193)","(176, 35, 30)","(41, 26, 24)",silver,firebrick,black
547,togetic,"(202, 196, 193)","(146, 54, 45)","(130, 130, 127)",silver,brown,grey
548,feraligatr,"(109, 200, 227)","(230, 201, 163)","(83, 104, 118)",skyblue,wheat,dimgrey
549,bisharp,"(153, 92, 84)","(198, 198, 207)","(51, 41, 39)",sienna,silver,darkslategrey
550,victreebel,"(197, 213, 113)","(48, 60, 40)","(108, 92, 79)",darkkhaki,darkslategrey,dimgrey
551,spinarak,"(198, 218, 136)","(36, 50, 46)","(110, 100, 57)",tan,darkslategrey,darkolivegreen
552,onix,"(149, 147, 150)","(39, 40, 39)","(68, 68, 68)",lightslategrey,darkslategrey,darkslategrey
553,aurorus,"(190, 205, 210)","(88, 117, 150)","(160, 151, 112)",lightsteelblue,slategrey,rosybrown
554,venonat,"(111, 95, 137)","(239, 215, 218)","(238, 146, 192)",slategrey,gainsboro,plum
555,nidorina,"(191, 214, 217)","(70, 84, 128)","(100, 106, 146)",lightgrey,darkslateblue,slategrey
556,tranquill,"(175, 172, 175)","(40, 37, 40)","(74, 58, 68)",darkgrey,darkslategrey,darkslategrey
557,buizel,"(211, 139, 68)","(242, 240, 195)","(78, 78, 68)",peru,blanchedalmond,darkslategrey
558,mightyena,"(51, 51, 52)","(193, 194, 194)","(138, 140, 134)",darkslategrey,silver,grey
559,vulpix,"(214, 138, 85)","(104, 64, 38)","(164, 76, 24)",peru,saddlebrown,sienna
560,clawitzer,"(67, 131, 195)","(215, 204, 139)","(83, 76, 70)",steelblue,burlywood,darkslategrey
561,lilligant,"(175, 176, 103)","(41, 120, 42)","(112, 75, 44)",darkkhaki,forestgreen,saddlebrown
562,minccino,"(200, 190, 190)","(57, 52, 52)","(134, 77, 77)",silver,darkslategrey,sienna
563,doduo,"(205, 163, 128)","(41, 40, 43)","(105, 84, 73)",tan,darkslategrey,dimgrey
564,ferrothorn,"(114, 161, 122)","(212, 213, 194)","(39, 45, 32)",grey,lightgrey,darkslategrey
565,misdreavus,"(86, 146, 165)","(216, 165, 147)","(59, 77, 90)",cadetblue,tan,darkslategrey
566,kingdra,"(99, 171, 206)","(217, 194, 140)","(85, 86, 60)",cornflowerblue,burlywood,darkolivegreen
567,shuckle,"(220, 195, 74)","(178, 62, 50)","(236, 224, 194)",sandybrown,brown,wheat
568,rayquaza,"(101, 153, 116)","(45, 51, 42)","(220, 150, 124)",grey,darkslategrey,darksalmon
569,kricketune,"(189, 102, 74)","(50, 52, 53)","(149, 149, 151)",indianred,darkslategrey,lightslategrey
570,skrelp,"(130, 91, 86)","(191, 166, 206)","(36, 29, 26)",dimgrey,silver,black
571,luxray,"(71, 69, 68)","(137, 182, 198)","(207, 171, 43)",darkslategrey,skyblue,goldenrod
572,ledyba,"(214, 171, 111)","(62, 65, 71)","(220, 220, 207)",darkkhaki,darkslategrey,gainsboro
573,baltoy,"(208, 187, 144)","(102, 84, 72)","(116, 116, 84)",tan,darkolivegreen,dimgrey
574,yanma,"(155, 145, 83)","(44, 39, 59)","(172, 172, 172)",grey,darkslategrey,darkgrey
575,lugia,"(188, 191, 209)","(41, 59, 116)","(107, 108, 110)",silver,midnightblue,dimgrey
576,hawlucha,"(86, 170, 140)","(219, 134, 107)","(107, 30, 35)",cadetblue,darksalmon,maroon
577,leavanny,"(138, 177, 51)","(41, 122, 50)","(85, 95, 38)",yellowgreen,forestgreen,darkolivegreen
578,vespiquen,"(219, 187, 54)","(65, 63, 59)","(109, 83, 73)",goldenrod,darkslategrey,dimgrey
579,squirtle,"(161, 200, 203)","(77, 130, 140)","(157, 140, 110)",lightsteelblue,slategrey,grey
580,slowking,"(218, 187, 186)","(131, 79, 68)","(149, 97, 106)",silver,sienna,grey
581,exeggcute,"(220, 199, 203)","(87, 74, 56)","(144, 116, 116)",thistle,darkolivegreen,grey
582,emolga,"(64, 61, 62)","(204, 194, 164)","(156, 156, 150)",darkslategrey,tan,darkgrey
583,carvanha,"(198, 154, 109)","(65, 156, 215)","(49, 78, 95)",darkkhaki,cornflowerblue,darkslategrey
584,clefairy,"(232, 203, 212)","(100, 76, 52)","(132, 118, 124)",thistle,darkolivegreen,grey
585,bayleef,"(200, 204, 127)","(52, 56, 28)","(164, 60, 44)",tan,darkslategrey,brown
586,drifloon,"(159, 129, 164)","(120, 115, 52)","(82, 70, 88)",rosybrown,olivedrab,darkslategrey
587,sceptile,"(134, 184, 138)","(73, 86, 64)","(231, 195, 150)",darkseagreen,darkolivegreen,burlywood
588,azurill,"(45, 141, 192)","(61, 60, 82)","(161, 173, 182)",steelblue,darkslategrey,darkgrey
589,chespin,"(151, 159, 81)","(228, 195, 170)","(117, 79, 58)",darkkhaki,wheat,darkolivegreen
590,panpour,"(79, 185, 213)","(222, 205, 138)","(93, 105, 90)",mediumturquoise,burlywood,dimgrey
591,staravia,"(74, 69, 60)","(199, 198, 194)","(181, 130, 88)",darkslategrey,silver,peru
592,linoone,"(203, 189, 184)","(105, 85, 70)","(108, 102, 102)",silver,darkolivegreen,dimgrey
593,spiritomb,"(204, 127, 174)","(74, 141, 51)","(195, 229, 123)",palevioletred,darkolivegreen,khaki
594,zoroark,"(71, 53, 64)","(201, 61, 76)","(150, 152, 163)",darkslategrey,indianred,darkgrey
595,chikorita,"(217, 228, 179)","(100, 146, 81)","(152, 140, 140)",palegoldenrod,olivedrab,grey
596,vanillite,"(212, 214, 222)","(94, 142, 178)","(152, 156, 156)",gainsboro,cadetblue,darkgrey
597,scatterbug,"(106, 108, 113)","(190, 187, 179)","(44, 45, 39)",dimgrey,silver,darkslategrey
598,spinda,"(229, 196, 186)","(43, 29, 29)","(177, 72, 69)",lightpink,black,sienna
599,beheeyem,"(190, 153, 137)","(57, 62, 46)","(121, 66, 62)",rosybrown,darkslategrey,sienna
600,grimer,"(160, 131, 167)","(69, 54, 71)","(212, 200, 224)",rosybrown,darkslategrey,thistle
601,leafeon,"(190, 200, 157)","(123, 72, 26)","(92, 154, 114)",tan,saddlebrown,mediumseagreen
602,deerling,"(198, 165, 155)","(189, 168, 26)","(56, 45, 38)",tan,goldenrod,darkslategrey
603,celebi,"(208, 220, 184)","(45, 51, 42)","(108, 116, 100)",lightgrey,darkslategrey,dimgrey
604,breloom,"(169, 175, 143)","(56, 79, 52)","(146, 74, 75)",darkgrey,darkslategrey,sienna
605,turtwig,"(186, 199, 126)","(59, 170, 77)","(44, 46, 36)",darkkhaki,seagreen,darkslategrey
606,zweilous,"(86, 83, 84)","(118, 156, 197)","(150, 150, 148)",dimgrey,cadetblue,darkgrey
607,burmy,"(58, 94, 46)","(216, 192, 54)","(113, 178, 88)",darkolivegreen,goldenrod,mediumseagreen
608,swinub,"(190, 151, 124)","(80, 42, 22)","(146, 84, 80)",rosybrown,saddlebrown,sienna
609,axew,"(105, 114, 84)","(206, 163, 150)","(156, 204, 143)",dimgrey,tan,darkseagreen
610,pangoro,"(94, 96, 101)","(222, 219, 188)","(144, 146, 156)",dimgrey,wheat,lightslategrey
611,darkrai,"(69, 69, 67)","(200, 128, 114)","(132, 140, 140)",darkslategrey,rosybrown,grey
612,krabby,"(204, 171, 145)","(85, 42, 16)","(179, 100, 46)",tan,saddlebrown,sienna
613,dewgong,"(229, 229, 237)","(144, 144, 148)","(188, 188, 188)",lavender,lightslategrey,silver
614,volcarona,"(191, 117, 93)","(69, 77, 79)","(211, 221, 216)",indianred,darkslategrey,gainsboro
615,vigoroth,"(193, 181, 182)","(85, 78, 74)","(173, 88, 88)",silver,darkslategrey,indianred
616,ninetales,"(238, 229, 136)","(141, 137, 84)","(182, 146, 48)",khaki,grey,peru
617,pawniard,"(101, 75, 73)","(214, 219, 218)","(205, 100, 75)",dimgrey,gainsboro,indianred
618,blitzle,"(78, 76, 76)","(211, 209, 206)","(144, 140, 140)",darkslategrey,lightgrey,grey
619,porygon2,"(108, 163, 195)","(246, 109, 129)","(202, 58, 77)",cadetblue,lightcoral,indianred
620,croagunk,"(88, 111, 157)","(212, 202, 169)","(64, 53, 41)",slategrey,silver,darkslategrey
621,xatu,"(151, 170, 60)","(221, 231, 237)","(168, 45, 55)",yellowgreen,lavender,brown
622,lairon,"(96, 95, 95)","(220, 217, 216)","(172, 172, 170)",dimgrey,gainsboro,darkgrey
623,tentacruel,"(162, 178, 187)","(168, 59, 97)","(43, 56, 63)",darkgrey,indianred,darkslategrey
624,krookodile,"(167, 105, 115)","(39, 38, 36)","(201, 210, 225)",indianred,darkslategrey,lightgrey
625,gothitelle,"(46, 43, 46)","(191, 180, 185)","(140, 140, 140)",darkslategrey,silver,grey
626,regice,"(155, 221, 244)","(85, 150, 207)","(39, 98, 170)",lightblue,cornflowerblue,steelblue
627,goodra,"(209, 190, 220)","(101, 126, 100)","(143, 112, 161)",thistle,dimgrey,lightslategrey
628,meowth,"(207, 200, 183)","(50, 46, 45)","(179, 136, 71)",silver,darkslategrey,peru
629,grovyle,"(137, 126, 98)","(159, 233, 171)","(46, 79, 49)",grey,palegreen,darkslategrey
630,volbeat,"(176, 109, 91)","(217, 220, 202)","(50, 52, 49)",indianred,lightgrey,darkslategrey
631,unown,"(30, 42, 52)","(181, 181, 181)","(116, 116, 140)",darkslategrey,silver,slategrey
632,terrakion,"(157, 134, 113)","(202, 199, 203)","(49, 45, 38)",grey,silver,darkslategrey
633,deoxys-normal,"(195, 131, 85)","(44, 126, 149)","(118, 202, 217)",peru,steelblue,skyblue
634,togekiss,"(209, 221, 220)","(84, 108, 110)","(136, 140, 140)",gainsboro,dimgrey,grey
635,kricketot,"(165, 97, 71)","(230, 224, 172)","(54, 50, 51)",sienna,palegoldenrod,darkslategrey
636,bellsprout,"(148, 177, 125)","(114, 94, 76)","(245, 244, 98)",darkseagreen,dimgrey,khaki
637,luvdisc,"(247, 196, 195)","(168, 102, 109)","(194, 140, 140)",pink,indianred,rosybrown
638,garbodor,"(154, 153, 130)","(83, 75, 59)","(36, 74, 60)",grey,darkolivegreen,darkslategrey
639,horsea,"(174, 201, 196)","(31, 26, 22)","(188, 52, 28)",silver,black,firebrick
640,nincada,"(172, 172, 172)","(44, 44, 37)","(92, 84, 76)",darkgrey,darkslategrey,darkolivegreen
641,dragalge,"(158, 104, 102)","(63, 44, 38)","(199, 181, 210)",grey,darkslategrey,thistle
642,electrode,"(221, 216, 224)","(157, 89, 86)","(75, 74, 82)",gainsboro,sienna,darkslategrey
643,fennekin,"(227, 181, 103)","(162, 71, 36)","(215, 215, 223)",sandybrown,sienna,gainsboro
644,metang,"(96, 148, 167)","(206, 182, 181)","(28, 53, 64)",cadetblue,silver,darkslategrey
645,donphan,"(152, 167, 180)","(56, 50, 64)","(72, 84, 84)",darkgrey,darkslategrey,darkslategrey
646,jynx,"(215, 107, 99)","(229, 229, 194)","(182, 145, 201)",indianred,wheat,darkgrey
647,yamask,"(82, 77, 75)","(207, 178, 98)","(156, 156, 112)",darkslategrey,darkkhaki,grey
648,druddigon,"(191, 114, 99)","(10, 108, 150)","(57, 42, 49)",indianred,teal,darkslategrey
649,kabuto,"(197, 154, 114)","(37, 26, 17)","(108, 84, 52)",darkkhaki,black,darkolivegreen
650,magmar,"(217, 147, 71)","(56, 48, 40)","(198, 196, 195)",peru,darkslategrey,silver
651,swoobat,"(56, 61, 69)","(196, 216, 234)","(117, 155, 192)",darkslategrey,powderblue,cadetblue
652,braviary,"(74, 65, 78)","(199, 163, 129)","(156, 156, 156)",darkslategrey,tan,darkgrey
653,charmander,"(222, 183, 130)","(92, 81, 69)","(164, 100, 57)",burlywood,darkolivegreen,sienna
654,lombre,"(121, 163, 79)","(183, 221, 207)","(99, 76, 55)",olivedrab,powderblue,darkolivegreen
655,durant,"(93, 90, 90)","(205, 201, 202)","(172, 170, 172)",dimgrey,lightgrey,darkgrey
656,golem,"(141, 133, 127)","(61, 60, 57)","(94, 68, 68)",grey,darkslategrey,darkolivegreen
657,sunkern,"(208, 202, 79)","(30, 34, 28)","(77, 62, 48)",darkkhaki,black,darkolivegreen
658,dewott,"(145, 189, 187)","(53, 97, 156)","(45, 50, 60)",darkgrey,darkslateblue,darkslategrey
659,croconaw,"(183, 209, 172)","(71, 114, 127)","(180, 100, 90)",silver,dimgrey,indianred
660,cobalion,"(56, 136, 147)","(209, 199, 181)","(41, 40, 40)",steelblue,silver,darkslategrey
661,pansage,"(64, 174, 104)","(226, 213, 147)","(148, 190, 150)",mediumseagreen,khaki,darkseagreen
662,deino,"(92, 87, 91)","(110, 153, 199)","(225, 153, 177)",dimgrey,cornflowerblue,lightpink
663,spewpa,"(90, 92, 94)","(236, 227, 215)","(140, 140, 132)",dimgrey,antiquewhite,grey
664,floette,"(178, 192, 158)","(157, 48, 61)","(38, 79, 66)",darkgrey,brown,darkslategrey
665,combee,"(215, 184, 57)","(164, 104, 44)","(36, 25, 9)",goldenrod,sienna,black
666,cofagrigus,"(72, 78, 78)","(204, 173, 78)","(110, 188, 194)",darkslategrey,darkkhaki,mediumaquamarine
667,furfrou,"(224, 219, 207)","(88, 78, 72)","(140, 140, 116)",gainsboro,darkolivegreen,grey
668,furret,"(227, 204, 175)","(147, 90, 66)","(80, 59, 46)",wheat,sienna,darkolivegreen
669,clefable,"(235, 207, 205)","(118, 104, 104)","(161, 140, 116)",gainsboro,dimgrey,grey
670,wailmer,"(222, 221, 200)","(78, 139, 184)","(116, 108, 112)",lightgrey,steelblue,dimgrey
671,grumpig,"(102, 102, 103)","(216, 193, 220)","(172, 156, 188)",dimgrey,thistle,darkgrey
672,charmeleon,"(220, 131, 104)","(237, 222, 204)","(242, 212, 46)",darksalmon,bisque,gold
673,phantump,"(117, 100, 81)","(25, 50, 60)","(127, 164, 122)",dimgrey,darkslategrey,darkseagreen
674,venomoth,"(198, 188, 204)","(42, 40, 46)","(100, 100, 100)",silver,darkslategrey,dimgrey
675,natu,"(178, 205, 62)","(200, 60, 78)","(38, 50, 36)",yellowgreen,indianred,darkslategrey
676,simisear,"(207, 123, 90)","(250, 235, 148)","(144, 58, 53)",peru,khaki,brown
677,blissey,"(233, 205, 220)","(145, 146, 154)","(125, 106, 120)",gainsboro,lightslategrey,grey
678,spritzee,"(217, 171, 187)","(63, 54, 58)","(168, 60, 68)",silver,darkslategrey,brown
679,virizion,"(157, 181, 100)","(100, 68, 64)","(206, 206, 184)",darkkhaki,darkolivegreen,silver
680,scolipede,"(100, 61, 70)","(199, 81, 110)","(155, 154, 151)",darkolivegreen,indianred,darkgrey
681,mamoswine,"(216, 204, 191)","(159, 106, 45)","(52, 50, 41)",lightgrey,sienna,darkslategrey
682,kirlia,"(138, 179, 138)","(227, 197, 204)","(116, 81, 82)",darkseagreen,thistle,dimgrey
683,omastar,"(179, 206, 192)","(49, 104, 119)","(151, 139, 92)",silver,darkslategrey,grey
684,steelix,"(174, 182, 202)","(57, 61, 75)","(94, 100, 100)",silver,darkslategrey,dimgrey
685,rotom,"(224, 137, 88)","(159, 218, 218)","(128, 156, 144)",peru,lightblue,lightslategrey
686,hoothoot,"(211, 174, 142)","(60, 52, 46)","(94, 84, 73)",tan,darkslategrey,darkolivegreen
687,karrablast,"(70, 91, 95)","(216, 185, 69)","(28, 142, 221)",darkslategrey,goldenrod,dodgerblue
688,torkoal,"(205, 167, 137)","(97, 96, 94)","(243, 232, 221)",tan,dimgrey,antiquewhite
689,victini,"(202, 154, 103)","(41, 93, 137)","(222, 239, 205)",darkkhaki,darkslateblue,gainsboro
690,cloyster,"(156, 149, 180)","(54, 50, 73)","(68, 59, 100)",darkgrey,darkslategrey,darkslategrey
691,relicanth,"(99, 88, 79)","(198, 179, 160)","(165, 156, 145)",dimgrey,tan,rosybrown
692,wynaut,"(117, 191, 196)","(60, 46, 50)","(76, 100, 97)",mediumaquamarine,darkslategrey,dimgrey
693,zorua,"(81, 79, 106)","(214, 49, 50)","(146, 127, 133)",dimgrey,crimson,grey
694,timburr,"(204, 173, 149)","(107, 66, 35)","(105, 100, 89)",tan,saddlebrown,dimgrey
695,drifblim,"(168, 141, 171)","(228, 194, 55)","(81, 38, 56)",darkgrey,goldenrod,darkslategrey
696,altaria,"(202, 216, 226)","(71, 154, 196)","(108, 116, 126)",lightgrey,steelblue,slategrey
697,cradily,"(194, 181, 157)","(40, 47, 37)","(134, 76, 84)",tan,darkslategrey,dimgrey
698,mudkip,"(140, 198, 224)","(200, 163, 89)","(221, 238, 251)",skyblue,darkkhaki,lavender
699,shellder,"(85, 75, 109)","(223, 210, 230)","(161, 156, 193)",darkslateblue,gainsboro,darkgrey
700,jumpluff,"(212, 207, 188)","(78, 92, 144)","(152, 92, 92)",lightgrey,darkslateblue,sienna
701,trubbish,"(90, 113, 91)","(196, 184, 183)","(137, 172, 145)",dimgrey,silver,darkseagreen
702,beautifly,"(93, 83, 75)","(231, 194, 136)","(116, 177, 201)",darkolivegreen,burlywood,mediumaquamarine
703,bagon,"(122, 160, 182)","(220, 222, 220)","(61, 77, 81)",cadetblue,gainsboro,darkslategrey
704,marshtomp,"(178, 196, 183)","(72, 96, 103)","(119, 112, 122)",silver,dimgrey,grey
705,uxie,"(208, 209, 167)","(79, 61, 58)","(108, 119, 140)",silver,darkslategrey,slategrey
706,suicune,"(145, 173, 185)","(53, 124, 140)","(122, 88, 127)",darkgrey,steelblue,dimgrey
707,sudowoodo,"(177, 124, 94)","(58, 151, 89)","(97, 102, 77)",indianred,seagreen,dimgrey
708,bergmite,"(179, 224, 238)","(87, 122, 149)","(178, 178, 149)",powderblue,slategrey,darkgrey
709,lanturn,"(126, 142, 183)","(182, 172, 88)","(247, 244, 159)",lightslategrey,darkkhaki,palegoldenrod
710,kingler,"(222, 149, 95)","(69, 55, 47)","(213, 203, 203)",sandybrown,darkslategrey,lightgrey
711,shroomish,"(230, 217, 200)","(84, 91, 85)","(156, 140, 116)",gainsboro,dimgrey,grey
712,gligar,"(206, 141, 181)","(75, 102, 150)","(137, 63, 100)",rosybrown,steelblue,dimgrey
713,roselia,"(114, 162, 117)","(228, 138, 132)","(70, 66, 94)",grey,lightcoral,darkslategrey
714,bonsly,"(108, 106, 81)","(209, 167, 85)","(75, 202, 127)",dimgrey,darkkhaki,mediumseagreen
715,combusken,"(191, 146, 99)","(240, 232, 178)","(70, 62, 52)",darkkhaki,palegoldenrod,darkslategrey
716,slowpoke,"(230, 188, 196)","(146, 101, 109)","(156, 150, 150)",thistle,grey,darkgrey
717,floatzel,"(210, 156, 59)","(233, 231, 183)","(142, 72, 34)",peru,palegoldenrod,saddlebrown
718,latios,"(57, 116, 166)","(187, 179, 182)","(69, 172, 226)",steelblue,silver,cornflowerblue
719,mew,"(223, 192, 207)","(153, 117, 136)","(169, 140, 158)",thistle,grey,rosybrown
720,ekans,"(190, 144, 188)","(74, 45, 64)","(158, 140, 84)",darkgrey,darkslategrey,peru
